Rahul,2026-03-01,P
Ankit,2026-03-01,P
Priya,2026-03-01,P
Sneha,2026-03-01,P
Aman,2026-03-01,P
Riya,2026-03-01,P
Karan,2026-03-01,P
Neha,2026-03-01,P
Arjun,2026-03-01,P
Simran,2026-03-01,P
Rahul,2026-03-02,P
Ankit,2026-03-02,A
Priya,2026-03-02,A
Sneha,2026-03-02,P
Aman,2026-03-02,A
Riya,2026-03-02,A
Karan,2026-03-02,A
Neha,2026-03-02,P
Arjun,2026-03-02,P
Simran,2026-03-02,P
Rahul,2026-03-03,P
Ankit,2026-03-03,P
Priya,2026-03-03,P
Sneha,2026-03-03,P
Aman,2026-03-03,P
Riya,2026-03-03,A
Karan,2026-03-03,P
Neha,2026-03-03,P
Arjun,2026-03-03,P
Simran,2026-03-03,P
Rahul,2026-03-04,A
Ankit,2026-03-04,P
Priya,2026-03-04,P
Sneha,2026-03-04,A
Aman,2026-03-04,P
Riya,2026-03-04,P
Karan,2026-03-04,A
Neha,2026-03-04,P
Arjun,2026-03-04,P
Simran,2026-03-04,A
Rahul,2026-03-05,P
Ankit,2026-03-05,P
Priya,2026-03-05,P
Sneha,2026-03-05,P
Aman,2026-03-05,P
Riya,2026-03-05,P
Karan,2026-03-05,P
Neha,2026-03-05,P
Arjun,2026-03-05,P
Simran,2026-03-05,P
Rahul,2026-03-06,P
Ankit,2026-03-06,P
Priya,2026-03-06,P
Sneha,2026-03-06,A
Aman,2026-03-06,P
Riya,2026-03-06,P
Karan,2026-03-06,A
Neha,2026-03-06,P
Arjun,2026-03-06,P
Simran,2026-03-06,P
Rahul,2026-03-07,A
Ankit,2026-03-07,A
Priya,2026-03-07,P
Sneha,2026-03-07,P
Aman,2026-03-07,P
Riya,2026-03-07,P
Karan,2026-03-07,A
Neha,2026-03-07,P
Arjun,2026-03-07,P
Simran,2026-03-07,P
Rahul,2026-03-08,P
Ankit,2026-03-08,A
Priya,2026-03-08,P
Sneha,2026-03-08,A
Aman,2026-03-08,P
Riya,2026-03-08,P
Karan,2026-03-08,P
Neha,2026-03-08,P
Arjun,2026-03-08,P
Simran,2026-03-08,P
Rahul,2026-03-09,P
Ankit,2026-03-09,P
Priya,2026-03-09,A
Sneha,2026-03-09,P
Aman,2026-03-09,P
Riya,2026-03-09,A
Karan,2026-03-09,P
Neha,2026-03-09,P
Arjun,2026-03-09,P
Simran,2026-03-09,A
Rahul,2026-03-10,P
Ankit,2026-03-10,P
Priya,2026-03-10,A
Sneha,2026-03-10,P
Aman,2026-03-10,P
Riya,2026-03-10,P
Karan,2026-03-10,P
Neha,2026-03-10,A
Arjun,2026-03-10,P
Simran,2026-03-10,P
Rahul,2026-03-31,P
Rahul,2026-03-31,P
